lineage	mutation	gene	pos	not_all
Alpha	S:N501Y	S	501	N
Alpha	S:A570D	S	570	N
Alpha	S:D614G	S	614	N
Alpha	S:P681H	S	681	N
Alpha	S:T716I	S	716	N
Alpha	S:S982A	S	982	N
Alpha	S:E484K	S	484	Y
Alpha	S:S494P	S	494	Y
Alpha	S:D1118H	S	1118	N
Alpha	S:K1191N	S	1191	Y
Beta	S:D80A	S	80	N
Beta	S:D215G	S	215	N
Beta	S:E241*	S	241	N
Beta	S:L242*	S	242	N
Beta	S:A243*	S	243	N
Beta	S:K417N	S	417	N
Beta	S:E484K	S	484	N
Beta	S:N501Y	S	501	N
Beta	S:D614G	S	614	N
Beta	S:A701V	S	701	N
Delta	S:T19R	S	19	N
Delta	S:V70F	S	70	Y
Delta	S:T95I	S	95	N
Delta	S:G142D	S	142	Y
Delta	S:E156-	S	156	Y
Delta	S:F157-	S	157	Y
Delta	S:R158G	S	158	N
Delta	S:A222V	S	222	Y
Delta	S:W258L	S	258	Y
Delta	S:K417N	S	417	Y
Delta	S:L452R	S	452	N
Delta	S:T478K	S	478	N
Delta	S:D614G	S	614	N
Delta	S:P681R	S	681	N
Delta	S:D950N	S	950	N
Gamma	S:L18F	S	18	N
Gamma	S:T20N	S	20	N
Gamma	S:P26S	S	26	N
Gamma	S:D138Y	S	138	N
Gamma	S:R190S	S	190	N
Gamma	S:K417T	S	417	N
Gamma	S:E484K	S	484	N
Gamma	S:N501Y	S	501	N
Gamma	S:D614G	S	614	N
Gamma	S:H655Y	S	655	N
Gamma	S:T1027I	S	1027	N
Gamma	S:V1176F	S	1176	N
Epsilon	S:S13I	S	13	N
Epsilon	S:W152C	S	152	N
Epsilon	S:L452R	S	452	N
Epsilon	S:D614G	S	614	N
Iota	S:T95I	S	95	N
Iota	S:S477N	S	477	Y
Iota	S:E484K	S	484	Y
Iota	S:D253G	S	253	N
Iota	S:D614G	S	614	N
Iota	S:A701V	S	701	N
Eta	S:A67V	S	67	N
Eta	S:E484K	S	484	N
Eta	S:D614G	S	614	N
Eta	S:Q677H	S	677	N
Eta	S:F888L	S	888	N
Zeta	S:D614G	S	614	N
Zeta	S:E484K	S	484	N
Zeta	S:V1176F	S	1176	N
Kappa	S:T19R	S	19	N
Kappa	S:G142D	S	142	Y
Kappa	S:R158G	S	158	N
Kappa	S:L452R	S	452	N
Kappa	S:T478K	S	478	N
Kappa	S:D614G	S	614	N
Kappa	S:P681R	S	681	N
Kappa	S:D950N	S	950	N
Lambda	S:G75V	S	75	N
Lambda	S:F490S	S	490	N
Lambda	S:T859N	S	859	N
Lambda	S:D253N	S	253	N
Lambda	S:D614G	S	614	N
Lambda	S:L452Q	S	452	N
Lambda	S:T762I	S	762	N